{"stats":{"minecraft:picked_up":{"minecraft:lapis_lazuli":64},"minecraft:custom":{"minecraft:time_since_rest":3215,"minecraft:interact_with_furnace":1,"minecraft:sprint_one_cm":4177,"minecraft:open_enderchest":1,"minecraft:walk_one_cm":71985,"minecraft:drop":1,"minecraft:damage_dealt":40,"minecraft:fly_one_cm":155317,"minecraft:open_chest":3,"minecraft:crouch_one_cm":9864,"minecraft:play_time":58080,"minecraft:open_shulker_box":6,"minecraft:sneak_time":3502,"minecraft:jump":37,"minecraft:leave_game":4,"minecraft:time_since_death":58080,"minecraft:sleep_in_bed":1,"minecraft:total_world_time":58080,"minecraft:climb_one_cm":832},"minecraft:used":{"minecraft:blue_glazed_terracotta":14,"minecraft:enchanting_table":1,"minecraft:bricks":70,"minecraft:bookshelf":21,"minecraft:spruce_door":3,"minecraft:melon":55,"minecraft:black_stained_glass_pane":60,"minecraft:birch_slab":21,"minecraft:birch_planks":128,"minecraft:lantern":7,"minecraft:grass_block":98,"minecraft:oak_planks":177,"minecraft:ladder":8,"minecraft:verdant_froglight":38,"minecraft:chest":27,"minecraft:ender_chest":1,"minecraft:spruce_trapdoor":3,"minecraft:white_shulker_box":1,"minecraft:soul_lantern":1,"minecraft:dark_oak_trapdoor":7,"minecraft:anvil":8,"minecraft:stripped_dark_oak_log":76,"minecraft:crafting_table":1,"minecraft:furnace":2,"minecraft:blast_furnace":2,"minecraft:jungle_slab":6,"minecraft:chain":10,"minecraft:yellow_bed":2,"minecraft:pearlescent_froglight":43,"minecraft:white_concrete":57,"minecraft:smoker":2,"minecraft:stripped_spruce_log":73,"minecraft:birch_stairs":358},"minecraft:dropped":{"minecraft:lapis_lazuli":64}},"DataVersion":3700}