{
  "minecraft:adventure/adventuring_time": {
    "criteria": {
      "minecraft:frozen_river": "2024-06-30 11:50:44 +0000",
      "minecraft:snowy_plains": "2024-06-30 11:50:08 +0000",
      "minecraft:frozen_ocean": "2024-06-30 11:50:49 +0000",
      "minecraft:snowy_beach": "2024-06-30 11:50:47 +0000"
    },
    "done": false
  },
  "minecraft:recipes/decorations/crafting_table": {
    "criteria": {
      "unlock_right_away": "2024-06-30 11:50:12 +0000"
    },
    "done": true
  },
  "DataVersion": 3465
}